project;#commits;#authors;max time;min time;#stars;#forks;LastGHCommitDate;LongestGapStart (YYYY-MM);LongestGapEnd (YYYY-MM);LongestGapLength;NumCommitsAfterLastGap;NumberOfGapsInTimeline;ActivityPattern
autodiff_autodiff;1138;70;1758747679;1531464195;2000;196;2025-01-27;2018-09;2018-12;4;1065;2;declining
fabsig_gpboost;1256;17;1762259041;1585927023;699;56;2026-09-28;2020-12;2020-12;1;1133;0;irregular
google-research_tensor2robot;263;25;1727687675;1547578657;564;117;2024-08-19;2022-08;2022-10;3;18;3;declining
graphhopper_jsprit;2925;116;1761274703;1370334347;1800;642;2026-09-14;2024-01;2024-06;6;91;2;declining
hzwer_arxiv2020-rife;925;35;1757485923;1605159985;5600;570;2025-09-10;2024-10;2025-01;4;8;2;declining
lucmoreau_provtoolbox;3620;33;1762536328;1314718980;83;43;2026-07-28;2017-10;2018-04;7;1528;5;irregular
matthewheun_byname;1881;5;1752103929;1485710627;2;0;2026-09-26;2019-03;2019-11;9;1147;4;irregular
mourner_rbush;394;40;1732655528;1372862539;2800;254;2026-04-03;2022-08;2023-03;8;24;11;declining
tdunning_t-digest;570;74;1744611565;1384819635;2200;232;2025-02-17;2024-01;2025-01;13;6;5;declining
villano-lab_nrsicap;323;11;1723756861;1570638847;1;0;2024-08-15;2022-06;2024-01;20;6;4;irregular
