Month;#Commits
2018-07;52
2018-08;21
2018-09;0
2018-10;0
2018-11;0
2018-12;0
2019-01;6
2019-02;100
2019-03;2
2019-04;0
2019-05;3
2019-06;19
2019-07;14
2019-08;12
2019-09;19
2019-10;56
2019-11;189
2019-12;5
2020-01;40
2020-02;6
2020-03;44
2020-04;0
2020-05;7
2020-06;4
2020-07;0
2020-08;10
2020-09;16
2020-10;5
2020-11;28
2020-12;7
2021-01;1
2021-02;0
2021-03;19
2021-04;4
2021-05;2
2021-06;7
2021-07;36
2021-08;46
2021-09;14
2021-10;1
2021-11;2
2021-12;0
2022-01;1
2022-02;10
2022-03;21
2022-04;5
2022-05;19
2022-06;2
2022-07;6
2022-08;45
2022-09;1
2022-10;15
2022-11;13
2022-12;40
2023-01;0
2023-02;1
2023-03;16
2023-04;1
2023-05;8
2023-06;6
2023-07;0
2023-08;4
2023-09;2
2023-10;0
2023-11;19
2023-12;7
2024-01;21
2024-02;9
2024-03;8
2024-04;16
2024-05;4
2024-06;3
2024-07;7
2024-08;0
2024-09;0
2024-10;8
2024-11;8
2024-12;1
2025-01;6
2025-02;4
2025-03;0
2025-04;0
2025-05;0
2025-06;3
2025-07;0
2025-08;0
2025-09;1
